group,day,well,ng.ul,sample,ng,c2,v2,v1,v.water,ligationBarcode,ligBarcodeSeq,PCRbarcode,PCRbarcodeSeq,PCR tube #,pool rank volume (ul),rank
highest,31-Jan,A8,18.4,NBST5,828,12.5,10,6.8,3.2,1,GTGT,23,,13,2,3
highest,31-Jan,G8,19.4,NBST11,873,12.5,10,6.4,3.6,2,AGAC,23,,12,2,3
highest,31-Jan,H8,19.9,NBST12,895.5,12.5,10,6.3,3.7,3,ACCA,23,,11,1.5,4
highest,31-Jan,A6,24.7,NBSB8,1111.5,12.5,10,5.1,4.9,4,AGTG,23,,10,6,1
highest,31-Jan,F5,25.5,NBSB5,1147.5,12.5,10,4.9,5.1,5,CATC,23,,9,6,1
highest,31-Jan,B8,26.3,NBST6,1183.5,12.5,10,4.8,5.2,6,GTGA,23,,8,3,2
highest,31-Jan,H7,27.8,NBST4,1251,12.5,10,4.5,5.5,7,TCAG,23,,7,1.2,5
highest,31-Jan,B5,33.8,NBSB1,1521,12.5,10,3.7,6.3,8,GCTT,23,,6,1.5,4
highest,31-Jan,G5,34.3,NBSB6,1543.5,12.5,10,3.6,6.4,9,CTAC,23,,5,3,2
highest,31-Jan,E5,36.7,NBSB4,1651.5,12.5,10,3.4,6.6,10,TGTC,23,,4,2,3
highest,31-Jan,D8,40.7,NBST8,1831.5,12.5,10,3.1,6.9,11,TCAC,23,,3,1,6
highest,31-Jan,E8,58,NBST9,2610,12.5,10,2.2,7.8,12,GACT,23,,2,1.5,4
highest,31-Jan,C5,73.4,NBSB2,3303,12.5,10,1.7,8.3,1,GTGT,23,,1,USE OTHER 1,
highReplicate,31-Jan,B5,33.8,NBSB1rep,1521,12.5,10,3.7,6.3,1,GTGT,24,,6_R,1.5,4
highReplicate,31-Jan,G5,34.3,NBSB6rep,1543.5,12.5,10,3.6,6.4,2,AGAC,24,,5_R,1.5,4
highReplicate,31-Jan,E5,36.7,NBSB4rep,1651.5,12.5,10,3.4,6.6,3,ACCA,24,,4_R,1.2,5
highReplicate,31-Jan,D8,40.7,NBST8rep,1831.5,12.5,10,3.1,6.9,4,AGTG,24,,3_R,1,6
highReplicate,31-Jan,E8,58,NBST9rep,2610,12.5,10,2.2,7.8,5,CATC,24,,2_R,3,2
highReplicate,31-Jan,C5,73.4,NBSB2rep,3303,12.5,10,1.7,8.3,6,GTGA,24,,1_R,2,3
vacuumeFuged,31-Jan,C4,0.5,PHGV8,22.5,,,,6,1,GTGT,25,,95,6,1
vacuumeFuged,31-Jan,B4,1.1,PHGV7,49.5,,,,6,2,AGAC,25,,94,3,2
vacuumeFuged,31-Jan,B7,1.2,PHSB7,54,,,,6,3,ACCA,25,,93,2,3
vacuumeFuged,31-Jan,F12,1.2,PHBT2,54,,,,6,4,AGTG,25,,92,2,3
vacuumeFuged,31-Jan,H12,1.3,PHBT4,58.5,,,,6,5,CATC,25,,91,2,3
vacuumeFuged,30-Jan,A2,1.5,PHBT5,67.5,,,,6,6,GTGA,25,,90,1.5,4
vacuumeFuged,31-Jan,D9,1.5,PHST3,67.5,,,,6,7,TCAG,25,,89,2,3
vacuumeFuged,31-Jan,C10,1.6,PHST10,72,,,,6,8,GCTT,25,,88,3,2
vacuumeFuged,31-Jan,G12,1.6,PHBT3,72,,,,6,9,CTAC,25,,87,6,1
vacuumeFuged,31-Jan,H9,1.7,PHST7,76.5,,,,6.12,10,TGTC,25,,86,1.5,4
vacuumeFuged,31-Jan,C9,1.8,PHST2,81,,,,6.48,11,TCAC,25,,85,1.2,5
vacuumeFuged,31-Jan,D2,1.8,NBGV4,81,,,,6.48,12,GACT,25,,84,3,2
2ndLowest,30-Jan,B2,1.9,PHBT6,85.5,,,,6.84,1,GTGT,26,,83,6,1
2ndLowest,31-Jan,E4,1.9,PHGV10,85.5,,,,6.84,2,AGAC,26,,82,6,1
2ndLowest,31-Jan,E9,1.9,PHST4,85.5,,,,6.84,3,ACCA,26,,81,6,1
2ndLowest,30-Jan,D2,2,PHBT8,90,,,,7.2,4,AGTG,26,,80,6,1
2ndLowest,31-Jan,A7,2,PHSB6,90,,,,7.2,5,CATC,26,,79,6,1
2ndLowest,30-Jan,G2,2.1,PHBT11,94.5,,,,7.56,6,GTGA,26,,78,6,1
2ndLowest,31-Jan,A10,2.2,PHST8,99,,,,7.92,7,TCAG,26,,77,6,1
2ndLowest,31-Jan,B10,2.3,PHST9,103.5,,,,8.28,8,GCTT,26,,76,6,1
2ndLowest,31-Jan,E12,2.3,PHBT1,103.5,,,,8.28,9,CTAC,26,,75,6,1
2ndLowest,31-Jan,F2,2.3,NBGV6,103.5,,,,8.28,10,TGTC,26,,74,6,1
2ndLowest,31-Jan,G9,2.3,PHST6,103.5,,,,8.28,11,TCAC,26,,73,6,1
2ndLowest,31-Jan,C7,2.4,PHSB8,108,,,,8.64,12,GACT,26,,72,6,1
highest,"1/31/2019 - re-done PCR 22, Feb",C5,73.4,NBSB2,3303,12.5,10,1.7,8.3,1,GTGT,27,,1,3,2
60 rest - vacuum fuged,"22,21-Feb",,low,NBST3,low,,,,,2,AGAC,27,,96,3,2
60 rest - vacuum fuged,"22,21-Feb",B9,2.6,PHST1,117,,,,9.4,3,ACCA,27,,71,3,2
60 rest - vacuum fuged,"22,21-Feb",E6,2.7,PHBT10,121.5,,,,9.7,4,AGTG,27,,70,3,2
60 rest - vacuum fuged,"22,21-Feb",F9,2.7,PHSB2,121.5,,,,9.7,5,CATC,27,,69,3,2
60 rest - vacuum fuged,"22,21-Feb",F2,2.7,PHST5,121.5,,,,9.7,6,GTGA,27,,68,6,1
60 rest - vacuum fuged,"22,21-Feb",H6,2.8,PHSB5,126,,,,10.1,7,TCAG,27,,67,2,3
60 rest - vacuum fuged,"22,21-Feb",D4,2.9,PHGV9,130.5,,,,10.4,8,GCTT,27,,66,2,3
60 rest - vacuum fuged,"22,21-Feb",H2,3,PHBT12,135,,,,10.8,9,CTAC,27,,65,3,2
60 rest - vacuum fuged,"22,21-Feb",F3,3.2,PHGV3,144,,,,11.5,10,TGTC,27,,64,2,3
60 rest - vacuum fuged,"22,21-Feb",C2,3.3,PHBT7,148.5,,,,11.9,11,TCAC,27,,63,2,3
60 rest - vacuum fuged,"22,21-Feb",E2,3.3,PHBT9,148.5,,,,11.9,12,GACT,27,,62,3,2
60 rest - vacuum fuged,"22,21-Feb",F4,3.4,PHGV11,153,,,,12.2,1,GTGT,28,,61,1.2,5
60 rest - vacuum fuged,"22,21-Feb",E2,3.6,NBSB9,162,,,,13,2,AGAC,28,,60,1.5,4
60 rest - vacuum fuged,"22,21-Feb",G3,3.6,PHSB1,162,,,,13,3,ACCA,28,,59,1.5,4
60 rest - vacuum fuged,"22,21-Feb",B6,3.6,NBGV5,162,,,,13,4,AGTG,28,,58,2,3
60 rest - vacuum fuged,"22,21-Feb",D6,3.6,PHGV4,162,,,,13,5,CATC,28,,57,1.5,4
60 rest - vacuum fuged,"22,21-Feb",D5,3.9,NBSB3,175.5,,,,14,6,GTGA,28,,56,2,3
60 rest - vacuum fuged,"22,21-Feb",D7,3.9,PHSB9,175.5,,,,14,7,TCAG,28,,55,1.5,4
60 rest - vacuum fuged,"22,21-Feb",H4,4,PHGV13,180,,,,14.4,8,GCTT,28,,54,1,6
60 rest - vacuum fuged,"22,21-Feb",A5,4.5,PHGV14,202.5,,,,16.2,9,CTAC,28,,53,1,6
60 rest - vacuum fuged,"22,21-Feb",C12,4.6,NBBT16,207,,,,16.6,10,TGTC,28,,52,1,6
60 rest - vacuum fuged,"22,21-Feb",C2,4.8,NBBT6,216,,,,17.3,11,TCAC,28,,51,1.5,4
60 rest - vacuum fuged,"22,21-Feb",F6,4.8,NBGV3,216,,,,17.3,12,GACT,28,,50,1.2,5
60 rest - vacuum fuged,"22,21-Feb",A11,4.8,PHSB3,216,,,,17.3,1,GTGT,29,,49,1.2,5
60 rest - vacuum fuged,"22,21-Feb",A4,4.9,PHGV6,220.5,,,,17.6,2,AGAC,29,,48,1.2,5
60 rest - vacuum fuged,"22,21-Feb",G4,5,PHGV12,225,,,,18,3,ACCA,29,,47,1.5,4
60 rest - vacuum fuged,"22,21-Feb",E3,5.4,PHGV2,243,,,,19.4,4,AGTG,29,,46,2,3
60 rest - vacuum fuged,"22,21-Feb",H10,5.7,NBBT5,256.5,,,,20.5,5,CATC,29,,45,1.5,4
60 rest - vacuum fuged,"22,21-Feb",E11,5.9,NBBT10,265.5,,,,21.2,6,GTGA,29,,44,1.2,5
60 rest - vacuum fuged,"22,21-Feb",B11,6,NBBT7,270,,,,21.6,7,TCAG,29,,43,1.2,5
60 rest - vacuum fuged,"22,21-Feb",H3,6.1,PHGV5,274.5,,,,22,8,GCTT,29,,42,2,3
60 rest - vacuum fuged,"22,21-Feb",E7,6.6,NBST1,297,,,,23.8,9,CTAC,29,,41,1.5,4
60 rest - vacuum fuged,"22,21-Feb",C8,6.7,NBST7,301.5,,,,24.1,10,TGTC,29,,40,3,2
60 rest - vacuum fuged,"22,21-Feb",D10,6.7,NBBT1,301.5,,,,24.1,11,TCAC,29,,39,1,6
60 rest - vacuum fuged,"22,21-Feb",A12,6.8,NBBT14,306,,,,24.5,12,GACT,29,,38,1,6
60 rest - vacuum fuged,"22,21-Feb",H11,7,NBBT13,315,,,,25.2,1,GTGT,30,,37,1.2,5
60 rest - vacuum fuged,"22,21-Feb",D3,7.1,PHGV1,319.5,,,,25.6,2,AGAC,30,,36,6,1
60 rest - vacuum fuged,"22,21-Feb",G2,7.5,NBGV7,337.5,,,,27,3,ACCA,30,,35,3,2
60 rest - vacuum fuged,"22,21-Feb",G6,7.5,PHSB4,337.5,,,,27,4,AGTG,30,,34,6,1
60 rest - vacuum fuged,"22,21-Feb",A2,7.7,NBGV1,346.5,,,,27.7,5,CATC,30,,33,1.5,4
60 rest - vacuum fuged,"22,21-Feb",C3,7.9,NBGV11,355.5,,,,28.4,6,GTGA,30,,32,3,2
60 rest - vacuum fuged,"22,21-Feb",H5,9,NBSB7,405,,,,32.4,7,TCAG,30,,31,3,2
60 rest - vacuum fuged,"22,21-Feb",B3,9.1,NBGV10,409.5,,,,32.8,8,GCTT,30,,30,3,2
60 rest - vacuum fuged,"22,21-Feb",E10,9.8,NBBT2,441,,,,35.3,9,CTAC,30,,29,1.5,4
60 rest - vacuum fuged,"22,21-Feb",A3,10.2,NBGV9,459,,,,36.7,10,TGTC,30,,28,2,3
60 rest - vacuum fuged,"22,21-Feb",G11,10.7,NBBT12,481.5,,,,38.5,11,TCAC,30,,27,1,6
60 rest - vacuum fuged,"22,21-Feb",F8,11.7,NBST10,526.5,,,,42.1,12,GACT,30,,26,1.2,5
60 rest - vacuum fuged,"22,21-Feb",F7,11.9,NBST2,535.5,,,,42.8,1,GTGT,31,,25,1.2,5
60 rest - vacuum fuged,"22,21-Feb",H2,12,NBGV8,540,,,,,2,AGAC,31,,24,1,6
60 rest - vacuum fuged,"22,21-Feb",D12,12.4,NBBT17,558,,,,,3,ACCA,31,,23,2,3
60 rest - vacuum fuged,"22,21-Feb",A9,12.4,NBST13,558,,,,,4,AGTG,31,,22,1.2,5
60 rest - vacuum fuged,"22,21-Feb",F10,13.1,NBBT3,589.5,,,,,5,CATC,31,,21,1,6
60 rest - vacuum fuged,"22,21-Feb",B2,14.2,NBGV2,639,,,,,6,GTGA,31,,20,1.2,5
60 rest - vacuum fuged,"22,21-Feb",G10,15.4,NBBT4,693,,,,,7,TCAG,31,,19,1.2,5
60 rest - vacuum fuged,"22,21-Feb",D11,15.4,NBBT9,693,,,,,8,GCTT,31,,18,1.2,5
60 rest - vacuum fuged,"22,21-Feb",F11,15.6,NBBT11,702,,,,,9,CTAC,31,,17,1.2,5
60 rest - vacuum fuged,"22,21-Feb",C6,15.7,NBSB10,706.5,,,,,10,TGTC,31,,16,3,2
60 rest - vacuum fuged,"22,21-Feb",C11,15.8,NBBT8,711,,,,,11,TCAC,31,,15,6,1
60 rest - vacuum fuged,"22,21-Feb",B12,16.3,NBBT15,733.5,,,,,12,GACT,31,,14,3,2